epoch,step,loss,loss_type
0,31,1.989550828933716,descent
1,31,1.2565163373947144,descent
2,31,0.9483315944671632,descent
3,31,0.7804286479949951,descent
4,31,0.6965795755386353,descent
5,31,0.6395825147628784,descent
6,21,0.6626792550086975,descent
