{"train_lr": 0.0827955261482787, "weight_decay": 1.1103190047118906e-05, "training_epochs": 1000}