{"train_lr": 0.060170381867429706, "weight_decay": 4.367323795983741e-05, "training_epochs": 600}