{"train_lr": 0.004125652594022604, "weight_decay": 0.0009896430835921641, "training_epochs": 1000}