{"train_lr": 0.03292729760827985, "weight_decay": 0.0017093602377953395, "training_epochs": 800}