{"train_lr": 0.013155708193254963, "weight_decay": 1.172461714155505e-05, "training_epochs": 600}